IamLinguistics,linguistics-TwitterSearch.html
CambUP_LangLing,linguistics-TwitterSearch.html
LanguageLog,linguistics-TwitterSearch.html
linguistlist,linguistics-TwitterSearch.html
bgzimmer,linguistics-TwitterSearch.html
RoutledgeLing,linguistics-TwitterSearch.html
LingSocAm,linguistics-TwitterSearch.html
langladies,linguistics-TwitterSearch.html
sapinker,linguistics-TwitterSearch.html
LinguisticsGuru,linguistics-TwitterSearch.html
AAALinks,linguistics-TwitterSearch.html
AllThingsLing,linguistics-TwitterSearch.html
FORGE_LU,linguistics-TwitterSearch.html
Linguistics_UTA,linguistics-TwitterSearch.html
NCSULinguistics,linguistics-TwitterSearch.html
soclinganth,linguistics-TwitterSearch.html
lousylinguist,linguistics-TwitterSearch.html
SpecGram,linguistics-TwitterSearch.html
UWlinguistics,linguistics-TwitterSearch.html
Palgrave_Ling,linguistics-TwitterSearch.html
LinguisticsZA,linguistics-TwitterSearch.html
Babelzine,linguistics-TwitterSearch.html
UBCLinguistics,linguistics-TwitterSearch.html
superlinguo,linguistics-TwitterSearch.html
lynneguist,linguistics-TwitterSearch.html
JPLinguistics,linguistics-TwitterSearch.html
dialect,linguistics-TwitterSearch.html
UVicLinguistics,linguistics-TwitterSearch.html
Linguistics_UJ,linguistics-TwitterSearch.html
BULinguistics,linguistics-TwitterSearch.html
ACLA_CAAL,linguistics-TwitterSearch.html
OED,linguistics-TwitterSearch.html
UIUCLinguistics,linguistics-TwitterSearch.html
QMULLinguistics,linguistics-TwitterSearch.html
englishling,linguistics-TwitterSearch.html
shanselman,linguistics-TwitterSearch.html
Brill_Language,linguistics-TwitterSearch.html
OutlierLinguist,linguistics-TwitterSearch.html
__BAAL,linguistics-TwitterSearch.html
benmhennilina,linguistics-TwitterSearch.html
OxfordWords,linguistics-TwitterSearch.html
Language_Today,linguistics-TwitterSearch.html
LingdeptGU,linguistics-TwitterSearch.html
rctatman,linguistics-TwitterSearch.html
oluremisonaiya,linguistics-TwitterSearch.html
EngLingPhrasELP,linguistics-TwitterSearch.html
TLinguistics,linguistics-TwitterSearch.html
ClaireCashmore,linguistics-TwitterSearch.html
LanguageCrawler,linguistics-TwitterSearch.html
MyLinguistics,linguistics-TwitterSearch.html
TrueIndology,linguistics-TwitterSearch.html
mikepope,linguistics-TwitterSearch.html
americandialect,linguistics-TwitterSearch.html
JWGrieve,linguistics-TwitterSearch.html
NTULinguistics,linguistics-TwitterSearch.html
Nfarmerlinguist,linguistics-TwitterSearch.html
UALinguistics,linguistics-TwitterSearch.html
krisbeverlin,linguistics-TwitterSearch.html
karenstollznow,linguistics-TwitterSearch.html
arikaokrent,linguistics-TwitterSearch.html
PIELinguistics,linguistics-TwitterSearch.html
ialinguistics,linguistics-TwitterSearch.html
MerriamWebster,linguistics-TwitterSearch.html
boldingbroke,linguistics-TwitterSearch.html
MOMeachair,linguistics-TwitterSearch.html
RiverLinguistic,linguistics-TwitterSearch.html
LinguisticsLlan,linguistics-TwitterSearch.html
MasterPlusUK,linguistics-TwitterSearch.html
ielanguages,linguistics-TwitterSearch.html
kinkinkijkin,linguistics-TwitterSearch.html
jinachan,linguistics-TwitterSearch.html
INSITWEET,linguistics-TwitterSearch.html
luckyfatima,linguistics-TwitterSearch.html
anateus,linguistics-TwitterSearch.html
ToddTheLinguist,linguistics-TwitterSearch.html
robyneccleston,linguistics-TwitterSearch.html
wuglife,linguistics-TwitterSearch.html
Lawwwen,linguistics-TwitterSearch.html
gridinoc,linguistics-TwitterSearch.html
your_cybrarian,linguistics-TwitterSearch.html
ian_cushing,linguistics-TwitterSearch.html
SpeakingPrimal,linguistics-TwitterSearch.html
sunkiberry,linguistics-TwitterSearch.html
VerbID,linguistics-TwitterSearch.html
SOSAguild,linguistics-TwitterSearch.html
Jaime_Riley,linguistics-TwitterSearch.html
PujKrishnan,linguistics-TwitterSearch.html
MacDictionary,linguistics-TwitterSearch.html
AllyBNola,linguistics-TwitterSearch.html
GC_Wood,linguistics-TwitterSearch.html
ShRonen,linguistics-TwitterSearch.html
oChursin,linguistics-TwitterSearch.html
ea_mitchell,linguistics-TwitterSearch.html
lingulate,linguistics-TwitterSearch.html
PerceptiveBree,linguistics-TwitterSearch.html
StueyCampbell,linguistics-TwitterSearch.html
MichaMahlberg,linguistics-TwitterSearch.html
TheRedElm,linguistics-TwitterSearch.html
diana180,linguistics-TwitterSearch.html
aflawson,linguistics-TwitterSearch.html
avisugiyo,linguistics-TwitterSearch.html
